file,count,avg_viability,avg_circularity,avg_intensity,radius (area / pi),pct_analyzed,background_intenstiy,avg_area
20230405_d0-10um_GEM_b9.png,2,42.46,0.55,131.11,,0.04741083676268861,180.6319952304905,276.5
20230405_d0-10um_GEM_c9.png,4,86.78,0.6075,154.72,,0.14111796982167354,177.65212592672182,411.5
20230405_d0-10um_GEM_d9.png,4,-1.0,-1.0,-1.0,,0.0,179.33117748254773,-1.0
20230405_d0-10um_GEM_e9.png,2,50.38,0.61,135.84,,0.06318587105624142,180.60959698338803,368.5
20230405_d0-10um_GEM_f9.png,2,77.34,0.555,149.3,,0.07210219478737998,177.8991403922862,420.5
20230405_d0-10um_GEM_g9.png,3,66.3,0.69333,150.28,,0.0727880658436214,185.49589785482416,283.0
20230405_d0-15um_GEM_b8.png,2,47.19,0.515,130.25,,0.057527434842249654,179.36637903274973,335.5
20230405_d0-15um_GEM_c8.png,3,40.19,0.44,124.11,,0.06944444444444445,174.9939263657733,270.0
20230405_d0-15um_GEM_d8.png,5,67.33,0.594,142.35,,0.16409465020576133,176.5116453800606,382.8
20230405_d0-15um_GEM_e8.png,4,66.73,0.6725,139.12,,0.08641975308641976,174.08812411978562,252.0
20230405_d0-15um_GEM_f8.png,2,63.79,0.775,143.18,,0.09379286694101509,179.90219294402263,547.0
20230405_d0-15um_GEM_g8.png,2,-1.0,-1.0,-1.0,,0.0,180.5426397464854,-1.0
20230405_d0-1um_GEM_b11.png,2,27.66,0.56,126.99,,0.054869684499314134,185.39862648309597,320.0
20230405_d0-1um_GEM_c11.png,1,83.33,0.44,160.98,,0.06798696844993142,185.98659541832635,793.0
20230405_d0-1um_GEM_d11.png,5,61.77,0.54,147.58,,0.08770576131687244,185.515301160582,204.6
20230405_d0-1um_GEM_e11.png,3,80.34,0.59667,160.04,,0.10236625514403293,186.83629953782028,398.0
20230405_d0-1um_GEM_f11.png,1,53.6,0.76,147.4,,0.03643689986282579,190.2403679322749,425.0
20230405_d0-1um_GEM_g11.png,3,51.44,0.52667,145.0,,0.05727023319615913,189.14093298771238,222.67
20230405_d0-20um_GEM_b7.png,1,56.68,0.7,144.27,,0.016032235939643348,185.25696074394344,187.0
20230405_d0-20um_GEM_c7.png,1,-1.0,-1.0,-1.0,,0.0,173.56002303890347,-1.0
20230405_d0-20um_GEM_d7.png,4,53.37,0.4725,131.55,,0.23353909465020575,174.2535710292694,681.0
20230405_d0-20um_GEM_e7.png,4,66.0,0.5225,141.01,,0.20224622770919068,176.4102888293128,589.75
20230405_d0-20um_GEM_f7.png,3,52.76,0.56333,137.04,,0.0830761316872428,180.3855298863409,323.0
20230405_d0-20um_GEM_g7.png,3,40.67,0.53333,127.99,,0.17806927297668038,178.58377152469956,692.33
20230405_d0-5um_GEM_b10.png,4,74.81,0.565,154.54,,0.11334019204389575,184.64950110297877,330.5
20230405_d0-5um_GEM_c10.png,2,68.96,0.725,146.88,,0.08247599451303154,180.49746811300102,481.0
20230405_d0-5um_GEM_d10.png,4,75.49,0.5475,151.09,,0.10965363511659808,180.80044087504672,319.75
20230405_d0-5um_GEM_e10.png,1,43.39,0.56,135.47,,0.031635802469135804,184.4371287409262,369.0
20230405_d0-5um_GEM_f10.png,1,48.1,0.83,139.76,,0.028377914951989023,185.90243718254456,331.0
20230405_d0-5um_GEM_g10.png,5,65.79,0.544,149.47,,0.19058641975308643,184.9947080483413,444.6
20230405_d0-control_b2.png,6,83.67,0.56,156.06,,0.2689471879286694,180.8331815759949,522.83
20230405_d0-control_b3.png,7,80.75,0.55714,154.68,,0.3377914951989026,181.23117403965196,562.86
20230405_d0-control_b4.png,3,62.5,0.62,141.42,,0.13237311385459535,178.1262332797689,514.67
20230405_d0-control_b5.png,3,-1.0,-1.0,-1.0,,0.0,178.87547142922145,-1.0
20230405_d0-control_b6.png,1,0.0,0.17,99.64,,0.1669238683127572,175.758901536745,1947.0
20230405_d0-control_c2.png,4,77.31,0.61,151.34,,0.07493141289437587,179.95374816401284,218.5
20230405_d0-control_c3.png,7,63.93,0.60571,145.48,,0.20224622770919068,182.12292249606784,337.0
20230405_d0-control_c4.png,4,54.93,0.545,134.4,,0.12817215363511658,177.6467995097458,373.75
20230405_d0-control_c5.png,4,-1.0,-1.0,-1.0,,0.0,174.5824563240359,-1.0
20230405_d0-control_c6.png,4,44.45,0.6525,124.65,,0.10356652949245543,173.9043937157218,302.0
20230405_d0-control_d2.png,6,76.45,0.58333,149.64,,0.19684499314128945,178.76680031400525,382.67
20230405_d0-control_d3.png,4,64.15,0.545,139.34,,0.11899862825788751,178.9632019504127,347.0
20230405_d0-control_d4.png,3,72.64,0.66,144.35,,0.100480109739369,175.76245193274625,390.67
20230405_d0-control_d5.png,3,73.04,0.70333,141.54,,0.0720164609053498,172.70987731194202,280.0
20230405_d0-control_d6.png,3,55.31,0.62,135.27,,0.20593278463648831,177.08165950921037,800.67
20230405_d0-control_e2.png,1,54.36,0.59,139.86,,0.01843278463648834,182.23973766326299,215.0
20230405_d0-control_e5.png,3,60.55,0.62,137.29,,0.09036351165980795,174.92890623858776,351.33
20230405_d0-control_e6.png,2,56.33,0.615,135.82,,0.08650548696844992,177.0250242998172,504.5
20230405_d0-control_f2.png,4,73.58,0.66,153.18,,0.09379286694101509,184.0332411472102,273.5
20230405_d0-control_f3.png,3,63.77,0.56,142.44,,0.0945644718792867,179.1802739711898,367.67
20230405_d0-control_f4.png,3,76.33,0.55,147.55,,0.10185185185185185,176.7474070378558,396.0
20230405_d0-control_f5.png,5,83.05,0.592,153.8,,0.1313443072702332,175.5979274103127,306.4
20230405_d0-control_f6.png,3,61.58,0.58,142.83,,0.07904663923182442,180.8839039629717,307.33
20230405_d0-control_g2.png,3,-1.0,-1.0,-1.0,,0.0,185.05750696659896,-1.0
20230405_d0-control_g3.png,4,61.44,0.6825,145.32,,0.09525034293552812,183.45490576220382,277.75
20230405_d0-control_g4.png,1,20.07,0.73,120.12,,0.021776406035665295,183.077237915343,254.0
20230405_d0-control_g5.png,8,55.98,0.52375,134.28,,0.21373456790123457,175.26923958033694,311.62
20230405_d0-control_g6.png,1,52.13,0.59,137.58,,0.043638545953360766,181.29948820185504,509.0
20230406_d1-10um_GEM_b9.png,31,67.56,0.43903,145.59,,1.9120370370370372,180.0559379074865,719.42
20230406_d1-10um_GEM_c9.png,22,68.39,0.45273,143.89,,1.7755486968449932,177.8499306424164,941.36
20230406_d1-10um_GEM_d9.png,24,62.97,0.47125,141.63,,2.0840192043895747,178.84950334130195,1012.83
20230406_d1-10um_GEM_e9.png,18,59.95,0.45,140.48,,1.5409807956104253,179.5104933706803,998.56
20230406_d1-10um_GEM_f9.png,25,75.45,0.464,149.66,,2.010202331961591,179.2671824610066,937.88
20230406_d1-10um_GEM_g9.png,25,63.64,0.4976,147.64,,0.977366255144033,184.45181676894737,456.0
20230406_d1-15um_GEM_b8.png,23,75.03,0.4787,150.04,,0.9616769547325102,180.02237929626938,487.7
20230406_d1-15um_GEM_c8.png,18,79.92,0.45778,149.1,,1.335562414266118,176.00759070395384,865.44
20230406_d1-15um_GEM_d8.png,29,76.07,0.42552,147.51,,1.6878429355281208,176.4503828402279,678.86
20230406_d1-15um_GEM_e8.png,23,73.42,0.45348,142.67,,1.7003600823045268,173.6105586392998,862.3
20230406_d1-15um_GEM_f8.png,33,71.7,0.46485,145.75,,1.7117626886145403,177.63592618020652,605.03
20230406_d1-15um_GEM_g8.png,27,73.89,0.4763,147.23,,1.83650548696845,177.64193346844056,793.37
20230406_d1-1um_GEM_b11.png,18,68.85,0.45444,150.14,,1.4664780521262002,183.8118036741171,950.28
20230406_d1-1um_GEM_c11.png,22,72.09,0.41591,154.44,,1.0703875171467763,186.1929468501785,567.5
20230406_d1-1um_GEM_d11.png,20,64.45,0.4845,149.46,,1.5780178326474623,185.7928814383955,920.3
20230406_d1-1um_GEM_e11.png,34,66.21,0.42941,149.65,,2.014831961591221,184.9251345672134,691.21
20230406_d1-1um_GEM_f11.png,20,72.42,0.5305,153.11,,1.1646090534979423,184.6162492769433,679.2
20230406_d1-1um_GEM_g11.png,23,69.11,0.48957,154.14,,1.4912551440329218,187.67284240456542,756.26
20230406_d1-20um_GEM_b7.png,14,65.87,0.485,149.74,,0.8016117969821674,184.97392662185428,667.86
20230406_d1-20um_GEM_c7.png,23,81.2,0.48696,151.44,,1.396176268861454,176.5098626592703,708.04
20230406_d1-20um_GEM_d7.png,29,71.54,0.50103,146.06,,1.8925754458161865,177.8721002898835,761.21
20230406_d1-20um_GEM_e7.png,16,64.11,0.42562,138.54,,1.0112311385459534,175.07671812431536,737.19
20230406_d1-20um_GEM_f7.png,40,75.29,0.44875,147.38,,3.6875,177.16743630736528,1075.28
20230406_d1-20um_GEM_g7.png,29,63.24,0.44586,141.81,,2.7199931412894376,178.6975341266739,1094.0
20230406_d1-5um_GEM_b10.png,32,70.14,0.48531,150.78,,1.5383230452674896,183.60983144181048,560.72
20230406_d1-5um_GEM_c10.png,26,66.34,0.43308,145.6,,1.8087277091906722,181.00833299096945,811.42
20230406_d1-5um_GEM_d10.png,22,74.61,0.49409,150.84,,0.9084362139917695,181.06719357660694,481.64
20230406_d1-5um_GEM_e10.png,14,72.12,0.47429,150.99,,0.72599451303155,182.71744062193082,604.86
20230406_d1-5um_GEM_f10.png,25,74.91,0.4592,152.99,,1.2050754458161865,182.6844826777766,562.24
20230406_d1-5um_GEM_g10.png,18,68.67,0.40667,147.91,,1.7683470507544583,181.7025205854804,1145.89
20230406_d1-control_b2.png,36,76.11,0.48028,148.23,,2.004458161865569,177.38716048034837,649.44
20230406_d1-control_b3.png,28,68.07,0.44821,143.91,,1.8660836762688613,178.06366527854615,777.36
20230406_d1-control_b4.png,33,75.75,0.46242,149.83,,3.4323559670781894,179.3541690965214,1213.18
20230406_d1-control_b5.png,38,74.48,0.47053,148.54,,1.7899519890260631,178.83064865238316,549.42
20230406_d1-control_b6.png,19,80.25,0.45632,147.65,,1.4573045267489713,173.99928099316458,894.63
20230406_d1-control_c2.png,35,73.08,0.47114,147.94,,1.6923010973936898,178.91620459768106,563.97
20230406_d1-control_c3.png,38,66.78,0.48132,145.8,,3.4560185185185186,180.69311550574287,1060.82
20230406_d1-control_c4.png,30,73.43,0.458,148.47,,1.642661179698217,178.95649089516002,638.67
20230406_d1-control_c5.png,24,71.22,0.46833,143.58,,1.5017146776406036,175.13041863417288,729.83
20230406_d1-control_c6.png,36,70.81,0.45778,144.36,,1.9484739368998627,176.9621697810549,631.31
20230406_d1-control_d2.png,31,71.99,0.42129,147.57,,2.5989368998628257,179.37576834947413,977.87
20230406_d1-control_d3.png,28,64.08,0.46607,143.49,,1.6978737997256514,179.83468959691234,707.29
20230406_d1-control_d4.png,26,75.66,0.45,144.3,,1.487911522633745,173.88238258793533,667.5
20230406_d1-control_d5.png,26,75.38,0.45038,145.32,,1.3854595336076818,174.6512703284765,621.54
20230406_d1-control_d6.png,31,70.62,0.45774,144.63,,2.828360768175583,177.22649706395643,1064.19
20230406_d1-control_e2.png,20,67.84,0.486,145.05,,1.0078017832647463,179.22423659984005,587.75
20230406_d1-control_e5.png,22,72.64,0.48591,144.69,,1.2523148148148149,176.1115832694224,663.95
20230406_d1-control_e6.png,30,70.8,0.45533,143.75,,2.0222050754458163,176.24078885826333,786.23
20230406_d1-control_f2.png,20,73.42,0.477,148.74,,0.8531378600823045,179.6122891497434,497.55
20230406_d1-control_f3.png,27,74.36,0.45741,146.56,,1.9900548696844993,176.13207194887843,859.7
20230406_d1-control_f4.png,27,66.34,0.50519,141.96,,2.679269547325103,176.9985862772645,1157.44
20230406_d1-control_f5.png,27,75.85,0.45963,147.78,,1.7280521262002742,176.48392172296928,746.52
20230406_d1-control_f6.png,37,70.43,0.44568,148.88,,2.747256515775034,181.52335403748665,866.05
20230406_d1-control_g2.png,24,69.85,0.495,146.94,,1.5745884773662553,179.78641610325968,765.25
20230406_d1-control_g3.png,32,68.92,0.465,147.77,,1.6029663923182442,181.41698282042293,584.28
20230406_d1-control_g4.png,23,70.41,0.46565,146.4,,1.5021433470507546,179.112007368344,761.78
20230406_d1-control_g5.png,37,71.98,0.45838,140.92,,3.517489711934156,172.4261301966553,1108.86
20230406_d1-control_g6.png,22,73.77,0.435,147.28,,1.021176268861454,178.00155940518962,541.41
20230407_d2-10um_GEM_9b.png,53,66.5,0.43962,156.33,,5.842849794238683,191.37877673416003,1285.87
20230407_d2-10um_GEM_9c.png,46,67.42,0.42913,153.83,,6.288923182441701,188.37286355022746,1594.65
20230407_d2-10um_GEM_9d.png,31,62.61,0.42968,151.19,,5.109139231824417,188.62418814650943,1922.35
20230407_d2-10um_GEM_9e.png,31,67.77,0.39161,153.33,,4.921467764060357,187.5371960601595,1851.74
20230407_d2-10um_GEM_9f.png,38,70.94,0.43211,156.3,,6.928926611796982,188.476582158758,2126.82
20230407_d2-10um_GEM_9g.png,48,67.05,0.45729,159.02,,4.537465706447188,193.67841295523243,1102.6
20230407_d2-15um_GEM_8b.png,40,72.22,0.44175,156.6,,3.1935871056241427,188.26318719209203,931.25
20230407_d2-15um_GEM_8c.png,39,73.12,0.46923,151.72,,5.321330589849108,182.84050856596542,1591.49
20230407_d2-15um_GEM_8d.png,56,69.16,0.41411,150.82,,7.930384087791495,184.3994932629335,1651.79
20230407_d2-15um_GEM_8e.png,43,70.13,0.41558,150.3,,5.698045267489712,183.21770455943673,1545.63
20230407_d2-15um_GEM_8f.png,46,67.8,0.45891,152.84,,5.915380658436214,187.06551499763967,1499.93
20230407_d2-15um_GEM_8g.png,45,73.91,0.43578,152.7,,7.388288751714677,183.04080146869686,1915.04
20230407_d2-1um_GEM_11b.png,35,64.33,0.414,164.35,,4.97590877914952,200.75530082851577,1658.26
20230407_d2-1um_GEM_11c.png,42,61.93,0.45571,163.08,,4.16340877914952,200.9159854710101,1156.24
20230407_d2-1um_GEM_11d.png,40,62.34,0.42675,161.9,,5.352623456790123,199.45478592341362,1560.82
20230407_d2-1um_GEM_11e.png,54,69.13,0.43556,165.57,,7.370113168724279,198.96181227067947,1591.94
20230407_d2-1um_GEM_11f.png,42,61.11,0.44405,157.53,,4.248971193415637,195.86106615053518,1180.0
20230407_d2-1um_GEM_11g.png,46,57.24,0.39609,162.61,,4.8901748971193415,203.26395775116825,1239.98
20230407_d2-20um_GEM_7b.png,32,68.76,0.39406,156.03,,3.7021604938271606,189.77498609704972,1349.44
20230407_d2-20um_GEM_7c.png,43,75.55,0.42977,153.94,,6.136488340192043,183.390210913936,1664.56
20230407_d2-20um_GEM_7d.png,37,73.9,0.42784,153.49,,4.931927297668039,183.97020885963866,1554.76
20230407_d2-20um_GEM_7e.png,30,71.97,0.431,149.62,,4.463134430727023,181.43742256602383,1735.27
20230407_d2-20um_GEM_7f.png,49,74.38,0.40653,150.02,,9.454646776406035,180.22346137176035,2250.59
20230407_d2-20um_GEM_7g.png,48,71.27,0.47125,152.26,,7.839677640603567,184.42163732774875,1905.04
20230407_d2-5um_GEM_10b.png,56,67.6,0.46411,160.04,,5.395318930041152,194.45464244982165,1123.77
20230407_d2-5um_GEM_10c.png,50,68.81,0.4448,159.92,,6.176611796982168,193.6327679479283,1440.88
20230407_d2-5um_GEM_10d.png,36,68.07,0.42778,159.99,,3.553240740740741,194.1447363269432,1151.25
20230407_d2-5um_GEM_10e.png,31,59.85,0.42548,154.67,,3.281550068587106,193.7628504880134,1234.71
20230407_d2-5um_GEM_10f.png,38,63.39,0.43053,157.19,,3.219564471879287,194.15038536371333,988.24
20230407_d2-5um_GEM_10g.png,38,57.18,0.43684,153.56,,3.5977366255144037,194.2700685042439,1104.32
20230407_d2-control_b2.png,55,74.88,0.42691,146.47,,5.529663923182442,176.39130822464975,1172.69
20230407_d2-control_b3.png,42,73.91,0.43167,149.25,,4.657921810699588,179.81488553741775,1293.57
20230407_d2-control_b4.png,58,81.06,0.455,151.72,,10.699674211248285,177.80964686944242,2151.74
20230407_d2-control_b5.png,61,77.63,0.43672,152.55,,6.829646776406036,180.71908678834205,1305.92
20230407_d2-control_b6.png,32,78.5,0.4175,154.99,,4.262431412894376,182.63055604864954,1553.66
20230407_d2-control_c2.png,61,76.48,0.40475,146.67,,6.988254458161866,175.6974967701899,1336.25
20230407_d2-control_c3.png,65,79.26,0.44446,151.61,,10.431584362139917,178.92719170473018,1871.91
20230407_d2-control_c4.png,48,73.83,0.42333,149.83,,5.465106310013717,180.2800131326213,1328.02
20230407_d2-control_c5.png,52,70.43,0.44346,145.38,,4.702846364883402,177.9360788684376,1054.88
20230407_d2-control_c6.png,61,78.03,0.4441,149.49,,6.868569958847736,177.52875800166285,1313.36
20230407_d2-control_d2.png,50,80.99,0.4516,148.92,,7.465620713305898,175.03507244030456,1741.58
20230407_d2-control_d3.png,47,76.28,0.42426,148.52,,5.894718792866941,177.72602455892783,1462.89
20230407_d2-control_d4.png,45,79.21,0.46133,151.8,,5.054355281207133,178.9073694780933,1310.09
20230407_d2-control_d5.png,60,75.28,0.43617,150.45,,5.634430727023319,180.2123500512758,1095.33
20230407_d2-control_d6.png,49,71.81,0.43265,150.51,,5.772719478737997,182.3006222261138,1374.14
20230407_d2-control_e2.png,40,77.01,0.41025,147.41,,5.332561728395062,176.03910498003125,1554.98
20230407_d2-control_e5.png,41,74.11,0.42317,145.44,,4.401663237311385,175.92417095245582,1252.22
20230407_d2-control_e6.png,50,74.45,0.395,151.9,,7.442558299039781,182.18753086867594,1736.2
20230407_d2-control_f2.png,40,75.24,0.48,156.63,,3.0122599451303156,186.43826445615622,878.38
20230407_d2-control_f3.png,48,78.07,0.46062,149.88,,7.056412894375858,177.82655637707947,1714.71
20230407_d2-control_f4.png,43,74.84,0.44953,146.44,,8.189643347050755,176.52693769501272,2221.49
20230407_d2-control_f5.png,48,75.97,0.4425,147.69,,6.539437585733881,177.05184992375146,1589.08
20230407_d2-control_f6.png,61,73.97,0.44607,152.58,,8.032664609053498,183.09428423093155,1535.95
20230407_d2-control_g2.png,41,71.46,0.42854,151.11,,6.042095336076818,183.20754960391892,1718.9
20230407_d2-control_g3.png,56,74.44,0.43071,148.69,,6.063700274348423,178.98910620015084,1262.98
20230407_d2-control_g4.png,41,66.81,0.42585,148.53,,5.532407407407407,183.44310815328376,1573.9
20230407_d2-control_g5.png,51,77.55,0.40667,150.26,,10.595250342935527,178.5560674623467,2423.2
20230407_d2-control_g6.png,44,66.66,0.42,152.39,,4.373628257887517,187.3956813356235,1159.41
20230408_d3-10um_GEM_9b.png,65,85.3,0.418,151.6,,19.342849794238685,175.1959753592558,3471.0
20230408_d3-10um_GEM_9c.png,63,88.26,0.41921,153.28,,19.43192729766804,174.7390976374678,3597.68
20230408_d3-10um_GEM_9d.png,44,86.46,0.43614,153.34,,19.495284636488343,175.97635919683992,5168.02
20230408_d3-10um_GEM_9e.png,43,86.56,0.42372,156.05,,16.95156035665295,178.690818814019,4598.21
20230408_d3-10um_GEM_9f.png,45,89.29,0.45267,155.35,,19.42892661179698,175.70712182925354,5035.98
20230408_d3-10um_GEM_9g.png,63,86.23,0.43492,160.2,,17.38460219478738,182.66551324499878,3218.63
20230408_d3-15um_GEM_8b.png,51,86.58,0.44314,156.94,,11.965106310013718,179.4847758808077,2736.49
20230408_d3-15um_GEM_8c.png,42,89.0,0.44167,156.09,,14.752829218106998,176.9329501607717,4097.07
20230408_d3-15um_GEM_8d.png,62,89.59,0.4229,152.06,,23.225651577503427,171.72318732589986,4369.42
20230408_d3-15um_GEM_8e.png,46,89.23,0.43,151.77,,15.81747256515775,172.33845704964125,4010.76
20230408_d3-15um_GEM_8f.png,56,84.76,0.41321,154.67,,18.5525548696845,178.28124937572218,3864.23
20230408_d3-15um_GEM_8g.png,58,91.35,0.41552,150.4,,23.132201646090536,168.2580962677834,4651.97
20230408_d3-1um_GEM_11b.png,50,79.17,0.4476,160.06,,17.219221536351164,187.44653595123123,4016.9
20230408_d3-1um_GEM_11c.png,59,84.17,0.44017,158.99,,13.792181069958847,183.2123332523895,2726.64
20230408_d3-1um_GEM_11d.png,47,87.13,0.40085,156.98,,15.000943072702333,178.98035428714502,3722.79
20230408_d3-1um_GEM_11e.png,61,88.74,0.44098,159.21,,21.1150548696845,180.29208580501214,4037.48
20230408_d3-1um_GEM_11f.png,53,82.55,0.41566,152.76,,13.704218106995885,177.75789166770798,3015.96
20230408_d3-1um_GEM_11g.png,55,80.41,0.40418,161.26,,15.278978052126199,187.98156729565346,3240.25
20230408_d3-20um_GEM_7b.png,48,83.92,0.46104,152.18,,14.993569958847736,176.3444943135129,3643.44
20230408_d3-20um_GEM_7c.png,60,91.33,0.43717,152.09,,21.021347736625515,171.20507609255893,4086.55
20230408_d3-20um_GEM_7d.png,57,88.14,0.44386,153.43,,16.801526063100138,174.66065952305502,3438.12
20230408_d3-20um_GEM_7e.png,47,87.04,0.45617,149.94,,17.086162551440328,171.97706771194242,4240.28
20230408_d3-20um_GEM_7f.png,60,93.14,0.423,148.84,,26.935785322359397,166.6139884285181,5236.32
20230408_d3-20um_GEM_7g.png,56,83.91,0.42589,151.29,,21.652692043895748,174.97247967563587,4509.95
20230408_d3-5um_GEM_10b.png,64,86.63,0.43391,157.59,,14.87945816186557,179.8606925352706,2711.78
20230408_d3-5um_GEM_10c.png,56,87.49,0.44446,156.65,,19.911351165980797,178.49096544566947,4147.25
20230408_d3-5um_GEM_10d.png,57,85.2,0.45246,157.76,,13.986454046639233,181.442303322863,2862.07
20230408_d3-5um_GEM_10e.png,45,87.08,0.41022,156.0,,11.29818244170096,178.09046786525064,2928.49
20230408_d3-5um_GEM_10f.png,48,83.65,0.44438,157.02,,11.94238683127572,181.64619690211393,2902.0
20230408_d3-5um_GEM_10g.png,59,83.43,0.42864,153.38,,12.87491426611797,178.0451700589286,2545.31
20230408_d3-control_b2.png,81,87.85,0.42531,152.95,,21.541923868312757,174.3477844612076,3102.04
20230408_d3-control_b3.png,56,86.07,0.41696,151.77,,12.10039437585734,173.95273419491957,2520.34
20230408_d3-control_b4.png,68,89.41,0.44074,150.5,,24.973165294924556,170.5650445223436,4283.63
20230408_d3-control_b5.png,64,90.06,0.41188,152.6,,21.28858024691358,172.0048632052795,3879.84
20230408_d3-control_b6.png,39,87.16,0.45744,154.22,,14.196244855967077,175.42224953964265,4245.77
20230408_d3-control_c2.png,78,88.69,0.43308,151.47,,22.030435528120712,171.99065322134751,3294.4
20230408_d3-control_c3.png,69,90.79,0.44304,151.07,,27.747685185185183,170.33286661631348,4690.57
20230408_d3-control_c4.png,62,86.38,0.38661,152.87,,18.65474965706447,175.7506827878412,3509.5
20230408_d3-control_c5.png,78,84.46,0.39987,148.81,,18.97608024691358,172.60542056724222,2837.65
20230408_d3-control_c6.png,61,89.75,0.45344,151.12,,21.941700960219478,170.994315504371,4195.54
20230408_d3-control_d2.png,64,91.11,0.43125,150.82,,24.96150548696845,170.1169821973883,4549.23
20230408_d3-control_d3.png,62,87.81,0.43435,153.28,,18.835305212620028,174.51669260366955,3543.47
20230408_d3-control_d4.png,57,91.83,0.45965,156.39,,19.51414609053498,175.16045383808043,3993.21
20230408_d3-control_d5.png,83,88.61,0.39928,153.98,,19.932098765432098,175.14473407036638,2801.06
20230408_d3-control_d6.png,60,88.11,0.43417,152.15,,18.190157750342937,173.22590253385283,3536.17
20230408_d3-control_e2.png,54,88.75,0.42389,147.33,,15.515089163237311,168.22081470013453,3351.26
20230408_d3-control_e5.png,54,87.73,0.39981,150.18,,16.650977366255145,172.34828676381412,3596.61
20230408_d3-control_e6.png,57,92.31,0.42895,151.17,,20.93218449931413,169.3763793331172,4283.39
20230408_d3-control_f2.png,45,89.26,0.39889,153.28,,9.290552126200275,174.20383940092253,2408.11
20230408_d3-control_f3.png,54,87.66,0.43259,152.74,,19.438443072702334,174.06093085670494,4198.7
20230408_d3-control_f4.png,45,89.21,0.44911,147.26,,18.66803840877915,167.7722426663863,4838.76
20230408_d3-control_f5.png,63,89.22,0.43603,150.93,,23.650548696844993,171.25382812754398,4378.73
20230408_d3-control_f6.png,71,86.06,0.44296,149.71,,23.540637860082306,172.36216799202654,3867.3
20230408_d3-control_g2.png,56,91.15,0.45125,154.45,,20.00334362139918,174.12553722356432,4166.41
20230408_d3-control_g3.png,70,88.04,0.41714,153.89,,20.006687242798353,175.75777211534742,3333.69
20230408_d3-control_g4.png,50,84.36,0.4136,153.77,,17.300840192043896,177.7334895217847,4035.94
20230408_d3-control_g5.png,56,89.78,0.41964,149.81,,21.534465020576132,170.11311965035287,4485.32
20230408_d3-control_g6.png,50,86.25,0.4508,154.34,,14.293209876543209,176.53665345920172,3334.32
20230409_d4-10um_GEM_9b.png,56,87.2,0.43393,145.13,,26.76491769547325,166.03934960379456,5574.75
20230409_d4-10um_GEM_9c.png,60,92.21,0.42783,146.22,,27.609224965706446,164.11554807470387,5367.23
20230409_d4-10um_GEM_9d.png,48,90.78,0.44208,142.75,,27.249142661179697,161.18940042209042,6621.54
20230409_d4-10um_GEM_9e.png,52,94.71,0.44327,143.62,,29.914694787379975,159.61300599631392,6710.1
20230409_d4-10um_GEM_9f.png,50,88.64,0.4438,145.59,,26.63434499314129,166.09972886512347,6213.26
20230409_d4-10um_GEM_9g.png,65,86.75,0.45492,151.7,,29.89900548696845,173.5583256923242,5365.26
20230409_d4-15um_GEM_8b.png,59,91.9,0.42983,155.55,,22.546639231824418,174.05797389084893,4457.36
20230409_d4-15um_GEM_8c.png,45,93.71,0.43822,152.95,,23.900805898491086,169.0115254839882,6195.09
20230409_d4-15um_GEM_8d.png,56,91.22,0.43536,137.35,,30.479338134430726,154.26931421203537,6348.41
20230409_d4-15um_GEM_8e.png,48,90.44,0.44292,142.41,,23.422067901234566,161.28083613163196,5691.56
20230409_d4-15um_GEM_8f.png,50,89.58,0.4316,144.14,,33.76088820301783,163.90668125745603,7875.74
20230409_d4-15um_GEM_8g.png,63,89.95,0.44968,142.99,,30.136831275720166,160.79030133215358,5579.62
20230409_d4-1um_GEM_11b.png,54,89.15,0.44593,153.52,,24.198559670781894,173.9640514485526,5226.89
20230409_d4-1um_GEM_11c.png,63,87.31,0.44413,152.8,,26.46622085048011,173.4735927383092,4900.03
20230409_d4-1um_GEM_11d.png,56,88.15,0.4375,150.14,,25.161608367626886,170.3715929791499,5240.8
20230409_d4-1um_GEM_11e.png,60,90.07,0.43933,150.58,,31.25497256515775,170.23349768809848,6075.97
20230409_d4-1um_GEM_11f.png,56,86.14,0.44625,148.3,,22.81215706447188,169.56775849721808,4751.45
20230409_d4-1um_GEM_11g.png,61,89.56,0.4323,154.02,,27.31395747599451,174.09106495195945,5222.79
20230409_d4-20um_GEM_7b.png,53,88.66,0.48038,152.04,,29.334104938271604,172.72583687767337,6455.72
20230409_d4-20um_GEM_7c.png,57,93.63,0.43333,140.57,,35.58976337448559,155.97618532293552,7282.79
20230409_d4-20um_GEM_7d.png,47,89.67,0.44362,142.23,,24.250771604938272,161.95320546538352,6018.32
20230409_d4-20um_GEM_7e.png,45,93.64,0.45711,140.65,,24.482853223593963,156.114498685418,6345.96
20230409_d4-20um_GEM_7f.png,54,92.63,0.42519,132.77,,24.089163237311386,147.74995573988812,5203.26
20230409_d4-20um_GEM_7g.png,60,88.3,0.4265,138.98,,25.867969821673526,158.51615393834354,5028.73
20230409_d4-5um_GEM_10b.png,57,89.34,0.42298,144.66,,23.51886145404664,164.26031216725218,4812.7
20230409_d4-5um_GEM_10c.png,57,88.51,0.45333,146.14,,26.249485596707817,166.47777373808034,5371.47
20230409_d4-5um_GEM_10d.png,57,91.18,0.43211,149.87,,25.867455418381347,168.04336617775238,5293.3
20230409_d4-5um_GEM_10e.png,52,89.26,0.44346,145.7,,20.77400548696845,165.35673929384419,4659.77
20230409_d4-5um_GEM_10f.png,55,92.64,0.438,148.73,,28.689643347050755,166.76775232722753,6084.29
20230409_d4-5um_GEM_10g.png,58,88.26,0.42345,148.09,,23.265346364883403,169.20965884153608,4678.74
20230409_d4-control_b2.png,83,87.82,0.44036,144.84,,35.37620027434842,165.49530563891543,4971.42
20230409_d4-control_b3.png,63,90.44,0.42508,146.09,,21.637431412894376,164.79153630125117,4006.02
20230409_d4-control_b4.png,74,85.88,0.43284,141.36,,34.93552812071331,163.62651477156655,5506.59
20230409_d4-control_b5.png,69,88.68,0.45507,143.6,,27.816615226337447,164.3624407739812,4702.22
20230409_d4-control_b6.png,43,89.99,0.43674,149.07,,20.839163237311386,167.7518363659353,5652.74
20230409_d4-control_c2.png,80,88.76,0.42162,141.86,,30.17609739368999,160.77839538980916,4399.68
20230409_d4-control_c3.png,65,88.56,0.43723,138.07,,34.00600137174211,157.67037233219617,6102.25
20230409_d4-control_c4.png,67,89.93,0.44582,147.97,,30.4221536351166,166.90040880015553,5296.18
20230409_d4-control_c5.png,75,87.37,0.4284,146.42,,28.882544581618657,168.35654924247834,4491.81
20230409_d4-control_c6.png,63,91.4,0.42635,140.65,,33.47205075445816,157.79305650366643,6197.11
20230409_d4-control_d2.png,63,89.91,0.44889,139.17,,31.031207133058984,158.24129124387264,5745.21
20230409_d4-control_d3.png,65,89.76,0.44969,145.48,,28.820644718792863,163.79631329494728,5171.75
20230409_d4-control_d4.png,56,92.67,0.46304,148.42,,31.2119341563786,164.99464449981193,6501.0
20230409_d4-control_d5.png,81,91.46,0.4142,147.38,,26.754543895747602,165.28053477144732,3852.65
20230409_d4-control_d6.png,53,91.09,0.44736,146.0,,28.209962277091904,164.7233209198655,6208.32
20230409_d4-control_e2.png,66,92.65,0.41576,139.55,,26.392832647462278,156.67896967736132,4664.33
20230409_d4-control_e5.png,59,91.52,0.44373,144.96,,34.702760631001375,163.8200285514845,6860.56
20230409_d4-control_e6.png,58,91.95,0.44155,138.96,,26.64094650205761,155.97315264336393,5357.59
20230409_d4-control_f2.png,51,93.37,0.44039,147.49,,18.36668381344307,164.34256074972322,4200.57
20230409_d4-control_f3.png,63,88.32,0.42302,140.79,,27.213220164609055,161.3555767824185,5038.33
20230409_d4-control_f4.png,46,89.32,0.44391,136.53,,23.814214677640603,154.73791497654602,6038.46
20230409_d4-control_f5.png,59,90.34,0.43542,140.79,,25.79758230452675,158.69193145548923,5100.05
20230409_d4-control_f6.png,65,88.85,0.46092,141.3,,35.044924554183815,160.94705418526604,6288.68
20230409_d4-control_g2.png,54,89.35,0.44259,147.35,,25.662637174211252,167.38155607728737,5543.13
20230409_d4-control_g3.png,66,92.36,0.44712,144.48,,36.013803155006855,161.4355557210371,6364.62
20230409_d4-control_g4.png,49,87.94,0.43755,144.88,,26.591135116598082,165.1465751334148,6329.78
20230409_d4-control_g5.png,57,89.89,0.43737,139.18,,31.54055212620027,157.14014233520987,6454.19
20230409_d4-control_g6.png,59,86.08,0.43441,142.85,,27.017318244170095,164.92413098366148,5341.19
20230410_d5-10um_GEM_9b.png,29,19.47,0.50069,97.81,,11.418810013717422,167.45263367174198,4592.72
20230410_d5-10um_GEM_9c.png,31,13.66,0.49226,92.96,,12.219821673525377,173.08816737470227,4597.81
20230410_d5-10um_GEM_9d.png,26,11.19,0.52846,93.43,,15.240312071330589,169.13482805758687,6837.04
20230410_d5-10um_GEM_9e.png,26,11.19,0.49692,91.39,,14.728652263374487,174.114664846034,6607.5
20230410_d5-10um_GEM_9f.png,20,17.88,0.5375,94.15,,10.403806584362139,169.91381328436947,6067.5
20230410_d5-10um_GEM_9g.png,33,22.05,0.48424,98.01,,12.733110425240055,167.05347536949958,4500.58
20230410_d5-15um_GEM_8b.png,35,39.49,0.474,119.68,,12.08136145404664,176.18109608321402,4026.2
20230410_d5-15um_GEM_8c.png,29,38.51,0.52034,117.77,,13.07210219478738,173.7159563850393,5257.69
20230410_d5-15um_GEM_8d.png,40,41.5,0.4865,107.16,,18.868312757201647,159.55881092307953,5502.0
20230410_d5-15um_GEM_8e.png,35,41.64,0.50314,117.56,,15.277263374485598,168.3102141705378,5091.26
20230410_d5-15um_GEM_8f.png,46,39.13,0.50196,115.45,,19.99597050754458,168.42520493540403,5070.28
20230410_d5-15um_GEM_8g.png,40,49.6,0.41875,120.26,,16.52469135802469,166.59695861235147,4818.6
20230410_d5-1um_GEM_11b.png,48,88.42,0.46375,151.81,,29.589763374485596,172.56091814325683,7190.31
20230410_d5-1um_GEM_11c.png,55,87.77,0.41455,150.05,,26.53789437585734,170.91475576187366,5627.96
20230410_d5-1um_GEM_11d.png,52,90.53,0.40173,153.39,,23.137259945130314,172.59661763412512,5189.87
20230410_d5-1um_GEM_11e.png,51,84.95,0.41353,151.3,,27.123199588477366,174.82705684788274,6203.24
20230410_d5-1um_GEM_11f.png,45,85.29,0.42822,144.61,,23.107681755829905,167.63616660175958,5989.51
20230410_d5-1um_GEM_11g.png,61,85.74,0.42328,151.94,,26.963391632373114,175.1217156951776,5155.75
20230410_d5-20um_GEM_7b.png,29,51.79,0.46931,127.13,,16.916152263374485,171.57003345336946,6803.79
20230410_d5-20um_GEM_7c.png,44,63.38,0.50341,124.19,,25.750857338820303,161.49733582235743,6826.32
20230410_d5-20um_GEM_7d.png,43,56.39,0.5007,128.75,,17.026834705075448,170.24312880017942,4618.63
20230410_d5-20um_GEM_7e.png,40,60.92,0.50725,123.85,,22.433641975308642,162.2757567241408,6541.65
20230410_d5-20um_GEM_7f.png,54,56.57,0.48611,118.18,,24.15406378600823,159.32372058122675,5217.28
20230410_d5-20um_GEM_7g.png,46,62.35,0.49022,115.88,,24.142146776406033,153.38739224742213,6121.61
20230410_d5-5um_GEM_10b.png,46,68.72,0.41935,133.56,,18.641460905349795,167.85106405389578,4726.83
20230410_d5-5um_GEM_10c.png,46,70.76,0.45152,139.1,,24.541580932784637,171.86376484908595,6222.89
20230410_d5-5um_GEM_10d.png,47,73.19,0.41553,134.18,,19.90423525377229,165.2930793023134,4939.64
20230410_d5-5um_GEM_10e.png,30,65.16,0.418,135.4,,13.719993141289438,172.98110064463998,5334.33
20230410_d5-5um_GEM_10f.png,39,61.01,0.41564,130.08,,19.959790809327846,168.79018960856558,5969.51
20230410_d5-5um_GEM_10g.png,41,51.36,0.42195,128.02,,16.73508230452675,173.54001829030923,4760.93
20230410_d5-control_b2.png,68,90.93,0.45147,136.47,,34.73945473251029,154.95995160377814,5958.84
20230410_d5-control_b3.png,58,90.37,0.40879,147.48,,25.310528120713304,165.70946018526348,5090.03
20230410_d5-control_b4.png,64,88.72,0.45672,138.7,,36.962534293552814,158.40857252491122,6736.42
20230410_d5-control_b5.png,59,90.27,0.43915,143.4,,33.20593278463649,162.46666504293697,6564.64
20230410_d5-control_b6.png,37,92.17,0.41,147.46,,23.281807270233195,164.5730222999941,7339.43
20230410_d5-control_c2.png,65,88.13,0.434,139.78,,31.18287037037037,157.8726670448156,5595.65
20230410_d5-control_c3.png,56,86.23,0.41679,134.9,,36.43372770919067,155.2217597451473,7588.62
20230410_d5-control_c4.png,53,92.84,0.41736,145.26,,27.160493827160494,161.21518822670416,5977.36
20230410_d5-control_c5.png,64,85.32,0.42297,147.22,,30.86977023319616,170.1004731284756,5626.02
20230410_d5-control_c6.png,51,92.51,0.40373,143.13,,34.75874485596708,159.49970699070255,7949.53
20230410_d5-control_d2.png,57,90.66,0.41333,137.56,,33.495884773662546,155.0497498628197,6854.32
20230410_d5-control_d3.png,63,88.14,0.45873,141.06,,34.336419753086425,161.33783273231333,6357.14
20230410_d5-control_d4.png,42,92.7,0.44643,147.15,,33.16572359396434,163.71819131965455,9210.6
20230410_d5-control_d5.png,65,92.13,0.42585,148.47,,26.531121399176953,165.72259818562844,4760.91
20230410_d5-control_d6.png,52,87.98,0.46327,147.42,,30.33556241426612,166.27354205448498,6804.5
20230410_d5-control_e2.png,52,92.5,0.41981,140.46,,29.468792866941012,157.3348409317832,6610.08
20230410_d5-control_e5.png,52,87.63,0.45769,141.02,,34.404406721536354,162.06627533904148,7717.17
20230410_d5-control_e6.png,51,93.29,0.41725,141.5,,28.896433470507542,157.49840242964822,6608.78
20230410_d5-control_f2.png,42,91.92,0.3919,150.88,,19.525034293552814,167.79555426558096,5422.38
20230410_d5-control_f3.png,50,88.29,0.4034,137.4,,28.25025720164609,158.00466014230844,6590.22
20230410_d5-control_f4.png,42,87.92,0.40524,137.76,,27.30761316872428,157.183980399194,7583.71
20230410_d5-control_f5.png,53,89.95,0.42943,143.97,,37.96947873799726,161.94569441435314,8356.15
20230410_d5-control_f6.png,53,89.79,0.39321,142.61,,34.5173182441701,161.14441440248092,7596.42
20230410_d5-control_g2.png,47,88.17,0.44936,143.7,,28.680298353909468,164.33635422154327,7117.6
20230410_d5-control_g3.png,61,91.68,0.45623,142.16,,36.931069958847736,158.81785837968874,7061.7
20230410_d5-control_g4.png,40,87.48,0.418,143.45,,31.079903978052126,163.31485913944704,9062.9
20230410_d5-control_g5.png,53,91.2,0.40208,142.85,,28.153120713305896,158.80941148428116,6195.81
20230410_d5-control_g6.png,42,88.54,0.455,148.38,,23.36016803840878,168.88304711924965,6487.45
20230411_d6-10um_GEM_9b.png,25,5.65,0.5156,76.6,,7.181584362139917,160.95174854079028,3350.64
20230411_d6-10um_GEM_9c.png,27,3.35,0.50407,70.62,,6.620713305898492,168.27940857906566,2860.15
20230411_d6-10um_GEM_9d.png,29,4.7,0.53448,73.98,,12.212705761316872,163.25078014814486,4912.03
20230411_d6-10um_GEM_9e.png,23,2.88,0.47652,72.95,,7.886231138545953,166.64025708014847,3999.35
20230411_d6-10um_GEM_9f.png,19,1.79,0.51105,70.11,,6.173182441700961,165.5419997414965,3789.68
20230411_d6-10um_GEM_9g.png,36,11.94,0.4875,81.88,,8.262774348422496,166.71018472580698,2677.14
20230411_d6-15um_GEM_8b.png,34,29.99,0.48,103.72,,9.892403978052126,170.51659336534206,3393.68
20230411_d6-15um_GEM_8c.png,27,29.98,0.47741,103.38,,10.42866941015089,169.9531458550322,4505.19
20230411_d6-15um_GEM_8d.png,39,29.07,0.50795,96.02,,15.878772290809328,161.26587918469585,4748.97
20230411_d6-15um_GEM_8e.png,37,27.53,0.49486,104.7,,13.324931412894376,169.2590446751763,4200.59
20230411_d6-15um_GEM_8f.png,40,26.43,0.50225,102.81,,15.463477366255143,166.3339698677495,4509.15
20230411_d6-15um_GEM_8g.png,42,42.62,0.43381,109.23,,14.953446502057613,161.60305231849432,4152.79
20230411_d6-1um_GEM_11b.png,36,82.71,0.44444,139.75,,22.49468449931413,164.45364701930927,7288.28
20230411_d6-1um_GEM_11c.png,49,75.21,0.42327,133.85,,23.108710562414267,164.03382981617722,5500.82
20230411_d6-1um_GEM_11d.png,41,81.53,0.40171,140.9,,18.24074074074074,165.70018067027308,5189.27
20230411_d6-1um_GEM_11e.png,52,73.97,0.40577,136.26,,25.33359053497942,165.9767895310447,5682.52
20230411_d6-1um_GEM_11f.png,42,73.39,0.40571,133.5,,22.61385459533608,163.56893228252147,6280.19
20230411_d6-1um_GEM_11g.png,50,70.02,0.4212,134.68,,22.51474622770919,168.22756872456358,5252.24
20230411_d6-20um_GEM_7b.png,36,45.15,0.47778,116.52,,16.137860082304524,165.74749740458327,5228.67
20230411_d6-20um_GEM_7c.png,55,55.16,0.46382,116.17,,26.606738683127574,157.58573839672331,5642.56
20230411_d6-20um_GEM_7d.png,48,50.83,0.45458,117.6,,17.875,163.1901578003999,4343.62
20230411_d6-20um_GEM_7e.png,50,55.38,0.4958,113.94,,22.45104595336077,155.11899795810496,5237.38
20230411_d6-20um_GEM_7f.png,64,49.98,0.47953,110.58,,24.270833333333332,155.753757206988,4423.36
20230411_d6-20um_GEM_7g.png,60,55.39,0.49783,110.28,,29.14977709190672,152.17145393958262,5666.72
20230411_d6-5um_GEM_10b.png,23,13.74,0.45957,84.14,,7.836505486968449,168.1500969355431,3974.13
20230411_d6-5um_GEM_10c.png,23,2.93,0.52565,74.95,,6.57201646090535,165.96186235748743,3332.87
20230411_d6-5um_GEM_10d.png,19,1.0,0.40158,69.83,,5.140860768175583,161.5903304460906,3155.95
20230411_d6-5um_GEM_10e.png,21,2.58,0.5019,71.78,,4.606910150891633,170.2840796975002,2558.81
20230411_d6-5um_GEM_10f.png,24,2.35,0.465,72.63,,5.516803840877915,166.8687030453529,2681.17
20230411_d6-5um_GEM_10g.png,23,0.0,0.4787,70.91,,5.471450617283951,169.43972395843227,2774.74
20230411_d6-control_b2.png,57,84.8,0.45035,133.44,,41.75205761316872,154.85457686960234,8543.79
20230411_d6-control_b3.png,50,82.47,0.4174,138.53,,26.55847050754458,161.84614908384944,6195.56
20230411_d6-control_b4.png,49,75.11,0.43286,127.48,,33.088906035665296,156.58721024352263,7876.51
20230411_d6-control_b5.png,51,79.28,0.47275,129.53,,27.10013717421125,156.66254090448948,6197.96
20230411_d6-control_b6.png,36,75.51,0.42444,133.66,,24.522290809327846,163.73889260262177,7945.22
20230411_d6-control_c2.png,68,79.03,0.47676,132.26,,33.49991426611797,158.33359363403443,5746.22
20230411_d6-control_c3.png,56,80.66,0.40071,129.76,,37.270061728395056,154.4146094886229,7762.82
20230411_d6-control_c4.png,51,84.3,0.45941,140.09,,26.891889574759947,162.6767946941107,6150.33
20230411_d6-control_c5.png,47,75.46,0.46383,138.03,,20.98139574759945,166.95282829004174,5206.96
20230411_d6-control_c6.png,56,83.29,0.42214,133.5,,39.46896433470508,157.06003525724734,8220.82
20230411_d6-control_d2.png,50,83.37,0.4548,132.96,,35.67961248285322,156.48782408690647,8323.34
20230411_d6-control_d3.png,47,79.18,0.45213,136.67,,28.372599451303156,161.69188624131607,7041.23
20230411_d6-control_d4.png,41,83.37,0.39585,141.31,,34.04200960219479,165.30853669812586,9684.54
20230411_d6-control_d5.png,50,83.64,0.4558,136.62,,25.062328532235938,159.76123924464008,5846.54
20230411_d6-control_d6.png,44,84.18,0.49091,138.29,,29.832218792866943,160.02639230106809,7908.25
20230411_d6-control_e2.png,50,78.4,0.4546,132.01,,28.039609053497944,159.17470409568952,6541.08
20230411_d6-control_e5.png,48,82.85,0.45438,133.75,,36.807870370370374,157.69817923673972,8944.31
20230411_d6-control_e6.png,39,88.97,0.41744,132.56,,25.96682098765432,151.5062885922406,7766.08
20230411_d6-control_f2.png,43,77.61,0.44465,140.52,,19.625171467764062,168.85531103352,5323.44
20230411_d6-control_f3.png,44,71.81,0.42273,125.44,,28.47710905349794,157.3531067922731,7549.02
20230411_d6-control_f4.png,36,82.1,0.42028,127.8,,20.537208504801097,151.8632824323058,6654.06
20230411_d6-control_f5.png,42,74.4,0.43738,129.1,,20.131772976680384,159.5959271736824,5590.88
20230411_d6-control_f6.png,44,78.59,0.41386,132.93,,31.94761659807956,159.15203615346314,8469.02
20230411_d6-control_g2.png,41,78.39,0.41415,133.25,,25.575188614540465,160.56116264087947,7275.83
20230411_d6-control_g3.png,59,85.32,0.43678,139.64,,37.860425240054866,162.29036822910078,7484.81
20230411_d6-control_g4.png,33,78.5,0.4497,133.22,,27.454989711934157,159.99657007911654,9704.09
20230411_d6-control_g5.png,53,79.76,0.42,133.59,,26.51423182441701,158.4823184187051,5835.13
20230411_d6-control_g6.png,34,77.02,0.44324,136.56,,25.64026063100137,164.3649800567057,8796.12
